name,action probability,planned,used planner,used plan lib,time planning,time checking plan lib,total time,plan lib size
problem_office_16.pddl,0.7,60,60,0,193.50715255737305,0,193.50715255737305,0
problem_office_16.pddl,0.7,39,39,0,87.73503851890564,0,87.73503851890564,0
problem_office_16.pddl,0.7,43,43,0,194.31502056121826,0,194.31502056121826,0
problem_office_16.pddl,0.7,48,48,0,147.2993631362915,0,147.2993631362915,0
