name,action probability,planned,used planner,used plan lib,time planning,time checking plan lib,total time,plan lib size
problem_office_08.pddl,0.7,33,26,7,65.07150816917421,0.1168687343597412,65.18837690353394,27
problem_office_08.pddl,0.7,33,23,10,74.74587416648866,0.22506308555603027,74.97093725204469,50
problem_office_08.pddl,0.7,51,38,13,108.73808050155641,0.6641838550567627,109.40226435661316,88
problem_office_08.pddl,0.7,51,35,16,82.40335512161255,0.7388570308685303,83.14221215248108,123
problem_office_08.pddl,0.7,46,21,25,33.229463815689094,0.8223476409912109,34.051811456680305,144
problem_office_08.pddl,0.7,27,18,9,37.870365142822266,0.5595195293426514,38.42988467216493,162
problem_office_08.pddl,0.7,38,23,15,23.364281177520752,1.0275325775146484,24.3918137550354,185
problem_office_08.pddl,0.7,26,18,8,18.885649204254147,0.6828866004943848,19.56853580474853,203
problem_office_08.pddl,0.7,82,45,37,49.97653341293335,2.4521119594573975,52.42864537239075,248
