name,action probability,planned,used planner,used plan lib,time planning,time checking plan lib,total time,plan lib size
problem_office_01.pddl,0.7,8,8,0,3.467005014419556,0,3.467005014419556,0
problem_office_01.pddl,0.7,17,17,0,6.6307291984558105,0,6.6307291984558105,0
problem_office_01.pddl,0.7,15,15,0,5.787472248077393,0,5.787472248077393,0
problem_office_01.pddl,0.7,26,26,0,9.660690546035767,0,9.660690546035767,0
