name,action probability,planned,used planner,used plan lib,time planning,time checking plan lib,total time,plan lib size
problem_office_17.pddl,0.7,29,25,4,60.01914691925049,0.0940713882446289,60.11321830749512,26
problem_office_17.pddl,0.7,42,34,8,59.04308104515076,0.36024594306945795,59.403326988220215,60
problem_office_17.pddl,0.7,38,28,10,53.09125232696533,0.4976053237915039,53.58885765075684,88
problem_office_17.pddl,0.7,51,34,17,82.64063739776611,0.8836293220520021,83.52426671981813,122
problem_office_17.pddl,0.7,38,32,6,58.1996922492981,0.89151930809021,59.09121155738831,154
problem_office_17.pddl,0.7,47,26,21,104.05988073349,1.0666608810424805,105.12654161453248,180
problem_office_17.pddl,0.7,37,31,6,58.13244915008545,1.118316411972046,59.250765562057495,211
