name,action probability,planned,used planner,used plan lib,time planning,time checking plan lib,total time,plan lib size
problem_office_11.pddl,0.7,47,33,14,52.78591251373291,0.1746387481689453,52.960551261901855,34
problem_office_11.pddl,0.7,42,33,9,39.87305998802185,0.3928458690643311,40.26590585708618,67
problem_office_11.pddl,0.7,31,21,10,35.25886845588685,0.3947305679321289,35.65359902381897,88
problem_office_11.pddl,0.7,18,15,3,14.78060245513916,0.3176689147949219,15.098271369934082,103
problem_office_11.pddl,0.7,22,11,11,10.617620944976807,0.2901732921600342,10.90779423713684,114
problem_office_11.pddl,0.7,31,24,7,43.766615867614746,0.6205158233642578,44.387131690979004,138
problem_office_11.pddl,0.7,28,10,18,31.474252700805664,0.4309966564178467,31.90524935722351,148
problem_office_11.pddl,0.7,42,26,16,35.29749298095703,1.0470702648162842,36.34456324577332,174
problem_office_11.pddl,0.7,34,18,16,12.157894611358643,0.8644676208496094,13.022362232208252,192
