name,action probability,planned,used planner,used plan lib,time planning,time checking plan lib,total time,plan lib size
problem_office_16.pddl,0.7,32,25,7,111.15744185447693,0.10847735404968263,111.2659192085266,26
problem_office_16.pddl,0.7,54,38,16,144.65621280670166,0.4500207901000977,145.10623359680176,64
problem_office_16.pddl,0.7,41,31,10,92.99316358566284,0.5865237712860107,93.57968735694885,95
problem_office_16.pddl,0.7,39,27,12,76.12991189956666,0.6929664611816406,76.8228783607483,122
problem_office_16.pddl,0.7,55,37,18,80.28598761558533,1.3152639865875244,81.60125160217285,159
